"grid-item href","dates","cat-ev","contenu","contenu 2","buy-see 2","buy-see href 2"
"https://archipel.ville-fouesnant.fr/agenda/fort-cigogne-beautes-et-gestes/","Du 2 septembre au 28 septembre 2024","Exposition","Fort Cigogne, beautés et gestes","Emmanuel Delandre","",""
"https://archipel.ville-fouesnant.fr/agenda/ouverture-des-inscriptions-aux-animations-de-la-mediatheque-5/","samedi 7 septembre 2024","","Ouverture des inscriptions aux animations de la Médiathèque","Première partie de la saison 2024-2025","",""
"https://archipel.ville-fouesnant.fr/agenda/visite-guidee/","vendredi 13 septembre 2024","Rencontre","Visite guidée","de l'exposition Fort Cigogne, beautés et gestes","",""
"https://archipel.ville-fouesnant.fr/agenda/vernissage/","vendredi 13 septembre 2024","Rencontre","Vernissage","de l'exposition Fort Cigogne, beautés et gestes","",""
"https://archipel.ville-fouesnant.fr/agenda/construire-une-image-photographique/","samedi 14 septembre 2024","Atelier","Construire une image photographique","Stage avec Emmanuel Delandre","",""
"https://archipel.ville-fouesnant.fr/agenda/dedicaces-de-pierre-antoine-guillotel/","samedi 21 septembre 2024","Dédicace","Dédicaces de Pierre-Antoine Guillotel","Island, L’appel du 66° Nord","",""
"https://archipel.ville-fouesnant.fr/agenda/lhistoire-du-cor-a-travers-les-ages/","mardi 1 octobre 2024","Conférence","L’histoire du cor à travers les âges","Le coin de l'oreille #1","",""
"https://archipel.ville-fouesnant.fr/agenda/club-de-lecture-1/","mercredi 2 octobre 2024","Club","Club de lecture #1","","",""
"https://archipel.ville-fouesnant.fr/agenda/ensachage-de-graines/","vendredi 4 octobre 2024","Participation","Ensachage de graines","Vie de la Grainothèque","",""
"https://archipel.ville-fouesnant.fr/agenda/broadway-rhapsody/","samedi 5 octobre 2024","Musique","Broadway Rhapsody","Cyrille Dubois et l’Ensemble ArteCombo | Jean-Michel Fournereau","Réserver","https://archipel-ville-fouesnant.notre-billetterie.fr/billets?spec=812"
"https://archipel.ville-fouesnant.fr/agenda/bebe-lecteurs-1/","samedi 5 octobre 2024","Les animations pour les tout-petits","Bébé-lecteurs #1","","",""
"https://archipel.ville-fouesnant.fr/agenda/bebe-lecteurs-2/","samedi 5 octobre 2024","Les animations pour les tout-petits","Bébé-lecteurs #2","","",""
"https://archipel.ville-fouesnant.fr/agenda/cafe-dys-trucs-et-astuces-1/","samedi 5 octobre 2024","Rencontre","Café-DYS, trucs et astuces #1","","",""
"https://archipel.ville-fouesnant.fr/agenda/atelier-2tonnes-1/","samedi 5 octobre 2024","Atelier","Atelier 2tonnes #1","","",""
"https://archipel.ville-fouesnant.fr/agenda/morsure-4/","Du 5 octobre au 21 décembre 2024","Exposition","Morsure #4","Estampes","",""
"https://archipel.ville-fouesnant.fr/agenda/week-end-douverture-de-morsure/","Du 5 octobre au 6 octobre 2024","Exposition","Week-end d’ouverture de Morsure","Visites, ateliers, rencontres...","",""
"https://archipel.ville-fouesnant.fr/agenda/track-1/","mardi 8 octobre 2024","Musique","TRACK #1","Cie La Boîte à sel | Céline Garnavault et Thomas Sillard","Réserver","https://archipel-ville-fouesnant.notre-billetterie.fr/billets?spec=813"
"https://archipel.ville-fouesnant.fr/agenda/track-2/","mardi 8 octobre 2024","Musique","TRACK #2","Cie La Boîte à sel | Céline Garnavault et Thomas Sillard","Réserver","https://archipel-ville-fouesnant.notre-billetterie.fr/billets?spec=813"
"https://archipel.ville-fouesnant.fr/agenda/track-3/","mercredi 9 octobre 2024","Musique","TRACK #3","Cie La Boîte à sel | Céline Garnavault et Thomas Sillard","Réserver","https://archipel-ville-fouesnant.notre-billetterie.fr/billets?spec=813"
"https://archipel.ville-fouesnant.fr/agenda/track-4/","mercredi 9 octobre 2024","Musique","TRACK #4","Cie La Boîte à sel | Céline Garnavault et Thomas Sillard","Réserver","https://archipel-ville-fouesnant.notre-billetterie.fr/billets?spec=813"
"https://archipel.ville-fouesnant.fr/agenda/laurent-bardainne-tigre-deau-douce/","vendredi 11 octobre 2024","Musique","Laurent Bardainne & Tigre d’Eau Douce","Eden Beach Club","Réserver","https://archipel-ville-fouesnant.notre-billetterie.fr/billets?spec=814"
"https://archipel.ville-fouesnant.fr/agenda/yoga-du-son-1/","samedi 12 octobre 2024","Atelier","Yoga du son #1","","",""
"https://archipel.ville-fouesnant.fr/agenda/cafe-carbone-1/","samedi 12 octobre 2024","Conversation","Café Carbone #1","","",""
"https://archipel.ville-fouesnant.fr/agenda/cafe-astro-1/","mardi 15 octobre 2024","Conférence","Café Astro #1","À la recherche des océans dans le système solaire et au-delà","",""
"https://archipel.ville-fouesnant.fr/agenda/a-voix-haute-1/","mercredi 16 octobre 2024","Lecture","À voix haute #1","Les essentielles","",""
"https://archipel.ville-fouesnant.fr/agenda/lhomme-dhabitude/","jeudi 17 octobre 2024","Musique","L’homme d’habitude","Les Blérots de R.A.V.E.L. & la Cie Vilcanota - Bruno Pradet","Réserver","https://archipel-ville-fouesnant.notre-billetterie.fr/billets?spec=815"
"https://archipel.ville-fouesnant.fr/agenda/club-cine-1/","vendredi 18 octobre 2024","Projection","Club ciné #1","","",""
"https://archipel.ville-fouesnant.fr/agenda/bebe-musiciens-1/","samedi 19 octobre 2024","Les animations pour les tout-petits","Bébé-musiciens #1","","",""
"https://archipel.ville-fouesnant.fr/agenda/bebe-musiciens-2/","samedi 19 octobre 2024","Les animations pour les tout-petits","Bébé-musiciens #2","","",""
"https://archipel.ville-fouesnant.fr/agenda/la-basse-a-voix-haute/","samedi 19 octobre 2024","Showcase","La basse à voix haute","En showcase","",""
"https://archipel.ville-fouesnant.fr/agenda/a-quatre-mains-7/","Du 21 octobre au 25 octobre 2024","Atelier","À quatre mains","Activités en famille","",""
"https://archipel.ville-fouesnant.fr/agenda/aprem-jeux-1/","mercredi 30 octobre 2024","Jeu","Aprem’ jeux #1","","",""
"https://archipel.ville-fouesnant.fr/agenda/les-ptites-oreilles-1/","jeudi 31 octobre 2024","Les animations pour les tout-petits","Les p’tites oreilles #1","","",""
"https://archipel.ville-fouesnant.fr/agenda/apero-bulles-1/","mercredi 6 novembre 2024","Club","Apéro bulles #1","","",""
"https://archipel.ville-fouesnant.fr/agenda/les-essentielles/","jeudi 7 novembre 2024","Théâtre","Les essentielles","Faustine Noguès","Réserver","https://archipel-ville-fouesnant.notre-billetterie.fr/billets?spec=816"
"https://archipel.ville-fouesnant.fr/agenda/un-petit-dejeuner-avec-faustine-nogues/","vendredi 8 novembre 2024","Échange","Un petit déjeuner avec Faustine Noguès","autour du spectacle Les essentielles","",""
"https://archipel.ville-fouesnant.fr/agenda/ensachage-de-graines-2/","vendredi 8 novembre 2024","Participation","Ensachage de graines","Vie de la Grainothèque","",""
"https://archipel.ville-fouesnant.fr/agenda/bebe-lecteurs-3/","samedi 9 novembre 2024","Les animations pour les tout-petits","Bébé-lecteurs #3","","",""
"https://archipel.ville-fouesnant.fr/agenda/bebe-lecteurs-4/","samedi 9 novembre 2024","Les animations pour les tout-petits","Bébé-lecteurs #4","","",""
"https://archipel.ville-fouesnant.fr/agenda/enlivrez-vous/","mardi 12 novembre 2024","Rencontre","Enlivrez-vous !","Présentation littéraire","",""
"https://archipel.ville-fouesnant.fr/agenda/vox-low/","jeudi 14 novembre 2024","Musique","Vox Low","Keep On Falling","Réserver","https://archipel-ville-fouesnant.notre-billetterie.fr/billets?spec=818"
"https://archipel.ville-fouesnant.fr/agenda/bebe-musiciens-4/","samedi 16 novembre 2024","Les animations pour les tout-petits","Bébé-musiciens #4","","",""
"https://archipel.ville-fouesnant.fr/agenda/bebe-musiciens-3/","samedi 16 novembre 2024","Les animations pour les tout-petits","Bébé-musiciens #3","","",""
"https://archipel.ville-fouesnant.fr/agenda/atelier-2tonnes-2/","samedi 16 novembre 2024","Atelier","Atelier 2tonnes #2","","",""
"https://archipel.ville-fouesnant.fr/agenda/roberto-fonseca/","dimanche 17 novembre 2024","Musique","Roberto Fonseca","La Gran Diversión","Réserver","https://archipel-ville-fouesnant.notre-billetterie.fr/billets?spec=819"
"https://archipel.ville-fouesnant.fr/agenda/semaine-de-la-gravure/","Du 18 novembre au 23 novembre 2024","Rencontre","Semaine de la gravure","Visites, ateliers, démonstrations... | Morsure","",""
"https://archipel.ville-fouesnant.fr/agenda/derapage/","jeudi 21 novembre 2024","Humour","DÉRAPAGE","Les Sea Girls | Pierre Guillois","Réserver","https://archipel-ville-fouesnant.notre-billetterie.fr/billets?seance=1111"
"https://archipel.ville-fouesnant.fr/agenda/le-mois-du-film-documentaire-5/","vendredi 22 novembre 2024","Projection","Le Mois du film documentaire","","",""
"https://archipel.ville-fouesnant.fr/agenda/yoga-du-rire-1-2/","samedi 23 novembre 2024","Atelier","Yoga du rire #1","","",""
"https://archipel.ville-fouesnant.fr/agenda/cafe-carbone-2/","samedi 23 novembre 2024","Conversation","Café Carbone #2","","",""
"https://archipel.ville-fouesnant.fr/agenda/jean-clone/","jeudi 28 novembre 2024","Théâtre","Jean-Clone","Collectif AÏE AÏE AÏE | Julien Mellano","Réserver","https://archipel-ville-fouesnant.notre-billetterie.fr/billets?spec=821"
"https://archipel.ville-fouesnant.fr/agenda/un-petit-dejeuner-avec-julien-mellano/","vendredi 29 novembre 2024","Échange","Un petit déjeuner avec Julien Mellano","autour du spectacle Jean-Clone","",""
"https://archipel.ville-fouesnant.fr/agenda/ouverture-des-inscriptions-aux-animations-de-la-mediatheque-6/","samedi 30 novembre 2024","","Ouverture des inscriptions aux animations de la Médiathèque","Deuxième partie de la saison 2024-2025","",""
"https://archipel.ville-fouesnant.fr/agenda/chet/","dimanche 1 décembre 2024","Musique","CHET – A Tribute to Chet Baker","David Enhco et Marc Perrenoud","Réserver","https://archipel-ville-fouesnant.notre-billetterie.fr/billets?spec=823"
"https://archipel.ville-fouesnant.fr/agenda/quelles-sont-les-limites-de-letre-humain/","mardi 3 décembre 2024","Café-philo","Quelles sont les limites de l’être humain ?","Café-philo avec Yan Marchand","",""
"https://archipel.ville-fouesnant.fr/agenda/club-de-lecture-2/","mercredi 4 décembre 2024","Club","Club de lecture #2","Présentation du prix Cezam","",""
"https://archipel.ville-fouesnant.fr/agenda/ensachage-de-graines-3/","vendredi 6 décembre 2024","Participation","Ensachage de graines","Vie de la Grainothèque","",""
"https://archipel.ville-fouesnant.fr/agenda/reves/","samedi 7 décembre 2024","Cirque","Rêves","Cirque Inshi | Roman Khafizov","Réserver","https://archipel-ville-fouesnant.notre-billetterie.fr/billets?spec=825"
"https://archipel.ville-fouesnant.fr/agenda/bebe-lecteurs-5/","samedi 7 décembre 2024","Les animations pour les tout-petits","Bébé-lecteurs #5","","",""
"https://archipel.ville-fouesnant.fr/agenda/bebe-lecteurs-6/","samedi 7 décembre 2024","Les animations pour les tout-petits","Bébé-lecteurs #6","","",""
"https://archipel.ville-fouesnant.fr/agenda/un-apprentissage/","mercredi 11 décembre 2024","Théâtre","Un apprentissage","Cie Le Temps Qu'il Faut | Pierre-Yves Chapalain","Réserver","https://archipel-ville-fouesnant.notre-billetterie.fr/billets?spec=826"
"https://archipel.ville-fouesnant.fr/agenda/quatuor-ardeo/","jeudi 12 décembre 2024","Musique","Quatuor Ardeo","Variations Goldberg de Bach/Meïmoun","Réserver","https://archipel-ville-fouesnant.notre-billetterie.fr/billets?spec=827"
"https://archipel.ville-fouesnant.fr/agenda/club-cine-2/","vendredi 13 décembre 2024","Projection","Club ciné #2","en lien avec Jean-Clone","",""
"https://archipel.ville-fouesnant.fr/agenda/bebe-musiciens-5/","samedi 14 décembre 2024","Les animations pour les tout-petits","Bébé-musiciens #5","","",""
"https://archipel.ville-fouesnant.fr/agenda/bebe-musiciens-6/","samedi 14 décembre 2024","Les animations pour les tout-petits","Bébé-musiciens #6","","",""
"https://archipel.ville-fouesnant.fr/agenda/johanna-baget/","samedi 14 décembre 2024","Showcase","Johanna Baget","En showcase","",""
"https://archipel.ville-fouesnant.fr/agenda/1834/","mardi 17 décembre 2024","Danse","18’34’’","Cie Arcosm | Thomas Guerry","Réserver","https://archipel-ville-fouesnant.notre-billetterie.fr/billets?spec=828"
"https://archipel.ville-fouesnant.fr/agenda/1834-2/","mardi 17 décembre 2024","Danse","18’34’’","Cie Arcosm | Thomas Guerry","Réserver","https://archipel-ville-fouesnant.notre-billetterie.fr/billets?spec=828"
"https://archipel.ville-fouesnant.fr/agenda/yoga-du-son-2/","samedi 21 décembre 2024","Atelier","Yoga du son #2","","",""
"https://archipel.ville-fouesnant.fr/agenda/a-voix-haute-2/","mercredi 8 janvier 2025","Lecture","À voix haute #2","FORT","",""
"https://archipel.ville-fouesnant.fr/agenda/ensachage-de-graines-4/","vendredi 10 janvier 2025","Participation","Ensachage de graines","Vie de la Grainothèque","",""
"https://archipel.ville-fouesnant.fr/agenda/bebe-lecteurs-7/","samedi 11 janvier 2025","Les animations pour les tout-petits","Bébé-lecteurs #7","","",""
"https://archipel.ville-fouesnant.fr/agenda/bebe-lecteurs-8/","samedi 11 janvier 2025","Les animations pour les tout-petits","Bébé-lecteurs #8","","",""
"https://archipel.ville-fouesnant.fr/agenda/irish-time/","samedi 11 janvier 2025","Showcase","Irish Time","En showcase","",""
"https://archipel.ville-fouesnant.fr/agenda/tanguy-de-williencourt/","dimanche 12 janvier 2025","Musique","Tanguy de Williencourt","Beethoven et Liszt","Réserver","https://archipel-ville-fouesnant.notre-billetterie.fr/billets?spec=829"
"https://archipel.ville-fouesnant.fr/agenda/en-bullez-vous/","mardi 14 janvier 2025","Rencontre","En Bullez-vous !","Présentation littéraire | Bande dessinée","",""
"https://archipel.ville-fouesnant.fr/agenda/fort/","jeudi 16 janvier 2025","Musique","FORT","Cie À brûle-pourpoint | Catherine Anne et Benoît Menut","Réserver","https://archipel-ville-fouesnant.notre-billetterie.fr/billets?spec=830"
"https://archipel.ville-fouesnant.fr/agenda/visite-guidee-4/","vendredi 17 janvier 2025","Rencontre","Visite guidée","de Signées des eaux (Mare fecit)","",""
"https://archipel.ville-fouesnant.fr/agenda/un-petit-dejeuner-avec-catherine-anne/","vendredi 17 janvier 2025","Échange","Un petit déjeuner avec Catherine Anne","autour du spectacle FORT","",""
"https://archipel.ville-fouesnant.fr/agenda/club-cine-3/","vendredi 17 janvier 2025","Projection","Club ciné #3","","",""
"https://archipel.ville-fouesnant.fr/agenda/signees-des-eaux-mare-fecit/","Du 18 janvier au 29 mars 2025","Exposition","Signées des eaux (Mare fecit)","Laurent Noël","",""
"https://archipel.ville-fouesnant.fr/agenda/bebe-musiciens-8/","samedi 18 janvier 2025","Les animations pour les tout-petits","Bébé-musiciens #8","","",""
"https://archipel.ville-fouesnant.fr/agenda/bebe-musiciens-7/","samedi 18 janvier 2025","Les animations pour les tout-petits","Bébé-musiciens #7","","",""
"https://archipel.ville-fouesnant.fr/agenda/atelier-2tonnes-3/","samedi 18 janvier 2025","Atelier","Atelier 2tonnes #3","","",""
"https://archipel.ville-fouesnant.fr/agenda/ceremonial-pollen/","mardi 21 janvier 2025","Musique","Cérémonial Pollen","La Soustraction des fleurs","Réserver","https://archipel-ville-fouesnant.notre-billetterie.fr/billets?spec=832"
"https://archipel.ville-fouesnant.fr/agenda/dans-la-peau-dun-magicien-1/","samedi 25 janvier 2025","Magie","Dans la peau d’un magicien #1","Cie Le Phalène | Thierry Collet | Éric Didry","Réserver","https://archipel-ville-fouesnant.notre-billetterie.fr/billets?spec=833"
"https://archipel.ville-fouesnant.fr/agenda/yoga-du-rire-2/","samedi 25 janvier 2025","Atelier","Yoga du rire #2","","",""
"https://archipel.ville-fouesnant.fr/agenda/cafe-carbone-3/","samedi 25 janvier 2025","Conversation","Café Carbone #3","","",""
"https://archipel.ville-fouesnant.fr/agenda/dans-la-peau-dun-magicien-2/","dimanche 26 janvier 2025","Magie","Dans la peau d’un magicien #2","Cie Le Phalène | Thierry Collet | Éric Didry","Réserver","https://archipel-ville-fouesnant.notre-billetterie.fr/billets?spec=833"
"https://archipel.ville-fouesnant.fr/agenda/cafe-astro-2/","mardi 28 janvier 2025","Conférence","Café Astro #2","La face cachée des relations Terre-Lune","",""
"https://archipel.ville-fouesnant.fr/agenda/fantomes/","jeudi 30 janvier 2025","Musique","Fantômes","Jî Drû","Réserver","https://archipel-ville-fouesnant.notre-billetterie.fr/billets?spec=834"
"https://archipel.ville-fouesnant.fr/agenda/bebe-musiciens-9/","samedi 1 février 2025","Les animations pour les tout-petits","Bébé-musiciens #9","","",""
"https://archipel.ville-fouesnant.fr/agenda/bebe-musiciens-10/","samedi 1 février 2025","Les animations pour les tout-petits","Bébé-musiciens #10","","",""
"https://archipel.ville-fouesnant.fr/agenda/cafe-dys-trucs-et-astuces-2/","samedi 1 février 2025","Rencontre","Café-DYS, trucs et astuces #2","","",""
"https://archipel.ville-fouesnant.fr/agenda/quest-ce-que-du-beau-travail/","mardi 4 février 2025","Café-philo","Qu’est-ce que du beau travail ?","Café-philo avec Yan Marchand","",""
"https://archipel.ville-fouesnant.fr/agenda/club-de-lecture-3/","mercredi 5 février 2025","Club","Club de lecture #3","","",""
"https://archipel.ville-fouesnant.fr/agenda/edene/","jeudi 6 février 2025","Théâtre","Édène","Cie L'entente cordiale | Alice Zeniter | d’après Jack London","Réserver","https://archipel-ville-fouesnant.notre-billetterie.fr/billets?spec=836"
"https://archipel.ville-fouesnant.fr/agenda/un-petit-dejeuner-avec-alice-zeniter/","vendredi 7 février 2025","Échange","Un petit déjeuner avec Alice Zeniter","autour du spectacle Édène","",""
"https://archipel.ville-fouesnant.fr/agenda/club-cine-4/","vendredi 7 février 2025","Projection","Club ciné #4","","",""
"https://archipel.ville-fouesnant.fr/agenda/ensachage-de-graines-5/","vendredi 7 février 2025","Participation","Ensachage de graines","Vie de la Grainothèque","",""
"https://archipel.ville-fouesnant.fr/agenda/bebe-lecteurs-9/","samedi 8 février 2025","Les animations pour les tout-petits","Bébé-lecteurs #9","","",""
"https://archipel.ville-fouesnant.fr/agenda/bebe-lecteurs-10/","samedi 8 février 2025","Les animations pour les tout-petits","Bébé-lecteurs #10","","",""
"https://archipel.ville-fouesnant.fr/agenda/ensemble-vocal-talea/","samedi 8 février 2025","Showcase","Ensemble Vocal TALEA","En showcase","",""
"https://archipel.ville-fouesnant.fr/agenda/les-ptites-oreilles-2/","jeudi 20 février 2025","Les animations pour les tout-petits","Les p’tites oreilles #2","","",""
"https://archipel.ville-fouesnant.fr/agenda/aprem-jeux-2/","vendredi 21 février 2025","Jeu","Aprem’ jeux #2","","",""
"https://archipel.ville-fouesnant.fr/agenda/voyage-baroque-a-bord-dun-clavecin/","mardi 25 février 2025","Conférence","Voyage baroque à bord d’un clavecin","Le coin de l'oreille #3","",""
"https://archipel.ville-fouesnant.fr/agenda/dafne-kritharas/","jeudi 27 février 2025","Musique","Dafné Kritharas","Prayer & Sin","Réserver","https://archipel-ville-fouesnant.notre-billetterie.fr/billets?spec=838"
"https://archipel.ville-fouesnant.fr/agenda/heka/","samedi 1 mars 2025","Cirque","Heka","Gandini Juggling","Réserver","https://archipel-ville-fouesnant.notre-billetterie.fr/billets?spec=839"
"https://archipel.ville-fouesnant.fr/agenda/yoga-du-son-3/","samedi 1 mars 2025","Atelier","Yoga du son #3","","",""
"https://archipel.ville-fouesnant.fr/agenda/apero-bulles-2/","mercredi 5 mars 2025","Club","Apéro bulles #2","","",""
"https://archipel.ville-fouesnant.fr/agenda/dominique-a-2/","jeudi 6 mars 2025","Musique","Dominique A","Quelques lumières en trio","Réserver","https://archipel-ville-fouesnant.notre-billetterie.fr/billets?spec=840"
"https://archipel.ville-fouesnant.fr/agenda/bebe-signe-1-2/","vendredi 7 mars 2025","Les animations pour les tout-petits","Bébé-signe #1","","",""
"https://archipel.ville-fouesnant.fr/agenda/bebe-signe-2/","vendredi 7 mars 2025","Les animations pour les tout-petits","Bébé-signe #2","","",""
"https://archipel.ville-fouesnant.fr/agenda/club-cine-5/","vendredi 7 mars 2025","Projection","Club ciné #5","","",""
"https://archipel.ville-fouesnant.fr/agenda/ensachage-de-graines-6/","vendredi 7 mars 2025","Participation","Ensachage de graines","Vie de la Grainothèque","",""
"https://archipel.ville-fouesnant.fr/agenda/bebe-lecteurs-12/","samedi 8 mars 2025","Les animations pour les tout-petits","Bébé-lecteurs #12","","",""
"https://archipel.ville-fouesnant.fr/agenda/bebe-lecteurs-11/","samedi 8 mars 2025","Les animations pour les tout-petits","Bébé-lecteurs #11","","",""
"https://archipel.ville-fouesnant.fr/agenda/chemin-des-metaphores-1/","lundi 10 mars 2025","Marionnettes","Chemin des métaphores #1","Singe Diesel | Juan Perez Escala","Réserver","https://archipel-ville-fouesnant.notre-billetterie.fr/billets?spec=841"
"https://archipel.ville-fouesnant.fr/agenda/chemin-des-metaphores-2/","mardi 11 mars 2025","Marionnettes","Chemin des métaphores #2","Singe Diesel | Juan Perez Escala","Réserver","https://archipel-ville-fouesnant.notre-billetterie.fr/billets?spec=841"
"https://archipel.ville-fouesnant.fr/agenda/chemin-des-metaphores-3/","mardi 11 mars 2025","Marionnettes","Chemin des métaphores #3","Singe Diesel | Juan Perez Escala","Réserver","https://archipel-ville-fouesnant.notre-billetterie.fr/billets?spec=841"
"https://archipel.ville-fouesnant.fr/agenda/chemin-des-metaphores-4/","mardi 11 mars 2025","Marionnettes","Chemin des métaphores #4","Singe Diesel | Juan Perez Escala","Réserver","https://archipel-ville-fouesnant.notre-billetterie.fr/billets?spec=841"
"https://archipel.ville-fouesnant.fr/agenda/lina_/","jeudi 13 mars 2025","Musique","LINA_","Fado Camões","Réserver","https://archipel-ville-fouesnant.notre-billetterie.fr/billets?spec=842"
"https://archipel.ville-fouesnant.fr/agenda/atelier-2tonnes-4/","samedi 15 mars 2025","Atelier","Atelier 2tonnes #4","","",""
"https://archipel.ville-fouesnant.fr/agenda/cafe-astro-3/","mardi 18 mars 2025","Conférence","Café Astro #3","Les trous noirs","",""
"https://archipel.ville-fouesnant.fr/agenda/ludu-du-labrasive/","jeudi 20 mars 2025","Musique","Ludu du + L’abrasive","Concert tricoté","Réserver","https://archipel-ville-fouesnant.notre-billetterie.fr/billets?spec=843"
"https://archipel.ville-fouesnant.fr/agenda/bebe-signe-4/","vendredi 21 mars 2025","Les animations pour les tout-petits","Bébé-signe #4","","",""
"https://archipel.ville-fouesnant.fr/agenda/bebe-signe-3/","vendredi 21 mars 2025","","Bébé-signe #3","","",""
"https://archipel.ville-fouesnant.fr/agenda/yoga-du-rire-3/","samedi 22 mars 2025","Atelier","Yoga du rire #3","","",""
"https://archipel.ville-fouesnant.fr/agenda/cafe-carbone-4/","samedi 22 mars 2025","Conversation","Café Carbone #4","","",""
"https://archipel.ville-fouesnant.fr/agenda/les-incroyables-aventures-de-mister-fogg/","dimanche 23 mars 2025","Musique","Les incroyables aventures de Mister Fogg","Vents du Sud | Marco Marzi, d’après Jules Verne","Réserver","https://archipel-ville-fouesnant.notre-billetterie.fr/billets?spec=844"
"https://archipel.ville-fouesnant.fr/agenda/survivre-est-ce-encore-vivre/","mardi 25 mars 2025","Café-philo","Survivre, est-ce encore vivre ?","Café-philo avec Yan Marchand","",""
"https://archipel.ville-fouesnant.fr/agenda/derailler/","jeudi 27 mars 2025","Théâtre","Dérailler","Nids Dhom | Lisa Lacombe et Alice Mercier","Réserver","https://archipel-ville-fouesnant.notre-billetterie.fr/billets?spec=846"
"https://archipel.ville-fouesnant.fr/agenda/un-petit-dejeuner-avec-lisa-lacombe-et-alice-mercier/","vendredi 28 mars 2025","Échange","Un petit déjeuner avec Lisa Lacombe et Alice Mercier","autour du spectacle Dérailler","",""
"https://archipel.ville-fouesnant.fr/agenda/club-cine-6/","vendredi 28 mars 2025","Projection","Club ciné #6","en lien avec L'événement","",""
"https://archipel.ville-fouesnant.fr/agenda/concert-des-grands-eleves/","samedi 29 mars 2025","Musique","Concert des grands élèves","du Conservatoire","",""
"https://archipel.ville-fouesnant.fr/agenda/bebe-musiciens-12/","samedi 29 mars 2025","Les animations pour les tout-petits","Bébé-musiciens #12","","",""
"https://archipel.ville-fouesnant.fr/agenda/bebe-musiciens-11/","samedi 29 mars 2025","Les animations pour les tout-petits","Bébé-musiciens #11","","",""
"https://archipel.ville-fouesnant.fr/agenda/levenement/","mardi 1 avril 2025","Théâtre","L’événement","Marianne Basler | Annie Ernaux","Réserver","https://archipel-ville-fouesnant.notre-billetterie.fr/billets?spec=848"
"https://archipel.ville-fouesnant.fr/agenda/a-voix-haute-3/","mercredi 2 avril 2025","Lecture","À voix haute #3","Imaginer la Pluie","",""
"https://archipel.ville-fouesnant.fr/agenda/visite-guidee-5/","vendredi 4 avril 2025","Rencontre","Visite guidée","Les désailés, portrait de famille","",""
"https://archipel.ville-fouesnant.fr/agenda/bebe-signe-5/","vendredi 4 avril 2025","Les animations pour les tout-petits","Bébé-signe #5","","",""
"https://archipel.ville-fouesnant.fr/agenda/bebe-signe-6/","vendredi 4 avril 2025","Les animations pour les tout-petits","Bébé-signe #6","","",""
"https://archipel.ville-fouesnant.fr/agenda/ensachage-de-graines-7/","vendredi 4 avril 2025","Participation","Ensachage de graines","Vie de la Grainothèque","",""
"https://archipel.ville-fouesnant.fr/agenda/rhapsody-in-blue-solo-echo-shoot-me/","samedi 5 avril 2025","Danse","Rhapsody in blue / Solo Echo / Shoot me","Centro Coreografico Nazionale Aterballetto","Réserver","https://archipel-ville-fouesnant.notre-billetterie.fr/billets?spec=849"
"https://archipel.ville-fouesnant.fr/agenda/les-desailes-portrait-de-famille/","Du 5 avril au 28 juin 2025","Exposition","Les désailés, portrait de famille","Violaine Fayolle","",""
"https://archipel.ville-fouesnant.fr/agenda/bebe-lecteurs-13/","samedi 5 avril 2025","Les animations pour les tout-petits","Bébé-lecteurs #13","","",""
"https://archipel.ville-fouesnant.fr/agenda/bebe-lecteurs-14/","samedi 5 avril 2025","Les animations pour les tout-petits","Bébé-lecteurs #14","","",""
"https://archipel.ville-fouesnant.fr/agenda/les-ptites-oreilles-3/","jeudi 17 avril 2025","Les animations pour les tout-petits","Les p’tites oreilles #3","","",""
"https://archipel.ville-fouesnant.fr/agenda/aprem-jeux-3/","vendredi 18 avril 2025","Jeu","Aprem’ jeux #3","","",""
"https://archipel.ville-fouesnant.fr/agenda/club-de-lecture-4/","mercredi 23 avril 2025","Club","Club de lecture #4","","",""
"https://archipel.ville-fouesnant.fr/agenda/imaginer-la-pluie-1/","jeudi 24 avril 2025","Théâtre","Imaginer la Pluie #1","Cie Tro-heol | Martial Anton et Daniel Calvo Funes | Santiago Pajares","Réserver","https://archipel-ville-fouesnant.notre-billetterie.fr/billets?spec=850"
"https://archipel.ville-fouesnant.fr/agenda/imaginer-la-pluie-2/","jeudi 24 avril 2025","Théâtre","Imaginer la Pluie #2","Cie Tro-heol | Martial Anton et Daniel Calvo Funes | Santiago Pajares","Réserver","https://archipel-ville-fouesnant.notre-billetterie.fr/billets?spec=850"
"https://archipel.ville-fouesnant.fr/agenda/un-petit-dejeuner-avec-martial-anton-et-daniel-calvo-funes/","vendredi 25 avril 2025","Échange","Un petit déjeuner avec Martial Anton et Daniel Calvo Funes","autour du spectacle Imaginer la Pluie","",""
"https://archipel.ville-fouesnant.fr/agenda/bebe-musiciens-13/","samedi 26 avril 2025","Les animations pour les tout-petits","Bébé-musiciens #13","","",""
"https://archipel.ville-fouesnant.fr/agenda/bebe-musiciens-14/","samedi 26 avril 2025","Les animations pour les tout-petits","Bébé-musiciens #14","","",""
"https://archipel.ville-fouesnant.fr/agenda/vian-par-debout-sur-le-zinc/","mardi 29 avril 2025","Musique","Vian par Debout sur le Zinc","","Réserver","https://archipel-ville-fouesnant.notre-billetterie.fr/billets?spec=851"
"https://archipel.ville-fouesnant.fr/agenda/apero-bulles-3/","mercredi 7 mai 2025","Club","Apéro bulles #3","","",""
"https://archipel.ville-fouesnant.fr/agenda/ensemble-matheus-6/","dimanche 11 mai 2025","Musique","Ensemble Matheus","Bach and Beatles","Réserver","https://archipel-ville-fouesnant.notre-billetterie.fr/billets?spec=852"
"https://archipel.ville-fouesnant.fr/agenda/mikado-petit-recit-deffondrements/","samedi 17 mai 2025","Cirque","Mikado, petit récit d’effondrements","Collectif Sous le Manteau | Florent Bergal","Réserver","https://archipel-ville-fouesnant.notre-billetterie.fr/billets?spec=853"
"https://archipel.ville-fouesnant.fr/agenda/cafe-dys-trucs-et-astuces-3/","samedi 17 mai 2025","Rencontre","Café-DYS, trucs et astuces #3","","",""
"https://archipel.ville-fouesnant.fr/agenda/club-de-lecture-5/","mercredi 4 juin 2025","Club","Club de lecture #5","","",""
"https://archipel.ville-fouesnant.fr/agenda/semaine-de-fermeture-de-la-mediatheque/","Du 23 juin au 28 juin 2025","","Semaine de fermeture de la Médiathèque","","",""